Workbook

Sheet RAW_ORDERS
A1: Order_ID | B1: Order_Date | C1: Student_Name | D1: ERP_Name | E1: Gateway | F1: Payment_Method | G1: Bank | H1: Transaction_Amount | I1: Partner_Pricing_Type | J1: Partner_Pricing_Value | K1: Merchant_Pricing_Type | L1: Merchant_Pricing_Value | M1: Edviron_Buying_Type | N1: Edviron_Buying_Value | O1: Status | P1: Capture_Status
A2: ORD0001 | B2: 15-02-2026 | C2: Student_1 | D2: ERP_A | E2: PayU | F2: NetBanking | G2: ICICI | H2: 15719 | I2: % | J2: 1.41 | K2: Flat | L2: 121 | M2: % | N2: 0.66 | O2: SUCCESS | P2: CAPTURED
A3: ORD0002 | B3: 10-02-2026 | C3: Student_2 | D3: ERP_B | E3: PayU | F3: Card | G3: SBI | H3: 4118 | I3: Flat | J3: 87 | K3: Flat | L3: 85 | M3: Flat | N3: 21 | O3: FAILED | P3: NOT_CAPTURED
A4: ORD0003 | B4: 13-02-2026 | C4: Student_3 | D4: ERP_C | E4: Cashfree | F4: UPI | G4: Axis | H4: 17530 | I4: % | J4: 1.19 | K4: % | L4: 1.64 | M4: Flat | N4: 57 | O4: SUCCESS | P4: CAPTURED
A5: ORD0004 | B5: 14-02-2026 | C5: Student_4 | D5: ERP_B | E5: Razorpay | F5: Card | G5: SBI | H5: 9268 | I5: % | J5: 1.11 | K5: % | L5: 1.4 | M5: % | N5: 0.66 | O5: PENDING | P5: NOT_CAPTURED
A6: ORD0005 | B6: 18-02-2026 | C6: Student_5 | D6: ERP_A | E6: Cashfree | F6: NetBanking | G6: SBI | H6: 11901 | I6: Flat | J6: 42 | K6: % | L6: 1.87 | M6: % | N6: 0.52 | O6: PENDING | P6: NOT_CAPTURED
A7: ORD0006 | B7: 10-02-2026 | C7: Student_6 | D7: ERP_A | E7: Cashfree | F7: Card | G7: Axis | H7: 12709 | I7: % | J7: 1.09 | K7: Flat | L7: 243 | M7: % | N7: 0.9 | O7: PENDING | P7: NOT_CAPTURED
A8: ORD0007 | B8: 04-01-2026 | C8: Student_7 | D8: ERP_A | E8: PayU | F8: UPI | G8: ICICI | H8: 9134 | I8: Flat | J8: 43 | K8: Flat | L8: 250 | M8: % | N8: 0.88 | O8: SUCCESS | P8: CAPTURED
A9: ORD0008 | B9: 12-01-2026 | C9: Student_8 | D9: ERP_B | E9: PayU | F9: UPI | G9: ICICI | H9: 18533 | I9: Flat | J9: 57 | K9: Flat | L9: 80 | M9: Flat | N9: 20 | O9: PENDING | P9: NOT_CAPTURED
A10: ORD0009 | B10: 23-02-2026 | C10: Student_9 | D10: ERP_A | E10: PayU | F10: Wallet | G10: Axis | H10: 12616 | I10: Flat | J10: 34 | K10: % | L10: 1.44 | M10: % | N10: 0.79 | O10: FAILED | P10: NOT_CAPTURED
A11: ORD0010 | B11: 07-01-2026 | C11: Student_10 | D11: ERP_B | E11: Razorpay | F11: NetBanking | G11: ICICI | H11: 7468 | I11: Flat | J11: 62 | K11: % | L11: 1.5 | M11: Flat | N11: 55 | O11: FAILED | P11: NOT_CAPTURED
A12: ORD0011 | B12: 31-01-2026 | C12: Student_11 | D12: ERP_A | E12: PayU | F12: Wallet | G12: ICICI | H12: 8478 | I12: % | J12: 1.24 | K12: Flat | L12: 114 | M12: Flat | N12: 16 | O12: PENDING | P12: NOT_CAPTURED
A13: ORD0012 | B13: 07-01-2026 | C13: Student_12 | D13: ERP_A | E13: Cashfree | F13: UPI | G13: HDFC | H13: 4941 | I13: % | J13: 0.96 | K13: % | L13: 1.25 | M13: Flat | N13: 56 | O13: PENDING | P13: NOT_CAPTURED
... A301: ORD0300 | B301: 28-01-2026 | C301: Student_300 | D301: ERP_A | E301: PayU | F301: Wallet | G301: HDFC | H301: 7515 | I301: % | J301: 1.32 | K301: % | L301: 1.73 | M301: % | N301: 0.7 | O301: PENDING | P301: NOT_CAPTURED

Sheet COMPUTATION
A1: Order_ID | B1: Transaction_Amount | C1: Partner_Pricing_Amount | D1: Merchant_Pricing_Amount | E1: Edviron_Buying_Amount | F1: ERP_Revenue | G1: Edviron_Net_Revenue | H1: Edviron_Gross_Revenue
A2: =RAW_ORDERS!A2 | B2: =RAW_ORDERS!H2 | C2: =IF(RAW_ORDERS!I2="%",RAW_ORDERS!H2*RAW_ORDERS!J2/100,RAW_ORDERS!J2) | D2: =IF(RAW_ORDERS!K2="%",RAW_ORDERS!H2*RAW_ORDERS!L2/100,RAW_ORDERS!L2) | E2: =IF(RAW_ORDERS!M2="%",RAW_ORDERS!H2*RAW_ORDERS!N2/100,RAW_ORDERS!N2) | F2: =D2-C2 | G2: =C2-E2 | H2: =F2+G2
A3: =RAW_ORDERS!A3 | B3: =RAW_ORDERS!H3 | C3: =IF(RAW_ORDERS!I3="%",RAW_ORDERS!H3*RAW_ORDERS!J3/100,RAW_ORDERS!J3) | D3: =IF(RAW_ORDERS!K3="%",RAW_ORDERS!H3*RAW_ORDERS!L3/100,RAW_ORDERS!L3) | E3: =IF(RAW_ORDERS!M3="%",RAW_ORDERS!H3*RAW_ORDERS!N3/100,RAW_ORDERS!N3) | F3: =D3-C3 | G3: =C3-E3 | H3: =F3+G3
A4: =RAW_ORDERS!A4 | B4: =RAW_ORDERS!H4 | C4: =IF(RAW_ORDERS!I4="%",RAW_ORDERS!H4*RAW_ORDERS!J4/100,RAW_ORDERS!J4) | D4: =IF(RAW_ORDERS!K4="%",RAW_ORDERS!H4*RAW_ORDERS!L4/100,RAW_ORDERS!L4) | E4: =IF(RAW_ORDERS!M4="%",RAW_ORDERS!H4*RAW_ORDERS!N4/100,RAW_ORDERS!N4) | F4: =D4-C4 | G4: =C4-E4 | H4: =F4+G4
A5: =RAW_ORDERS!A5 | B5: =RAW_ORDERS!H5 | C5: =IF(RAW_ORDERS!I5="%",RAW_ORDERS!H5*RAW_ORDERS!J5/100,RAW_ORDERS!J5) | D5: =IF(RAW_ORDERS!K5="%",RAW_ORDERS!H5*RAW_ORDERS!L5/100,RAW_ORDERS!L5) | E5: =IF(RAW_ORDERS!M5="%",RAW_ORDERS!H5*RAW_ORDERS!N5/100,RAW_ORDERS!N5) | F5: =D5-C5 | G5: =C5-E5 | H5: =F5+G5
A6: =RAW_ORDERS!A6 | B6: =RAW_ORDERS!H6 | C6: =IF(RAW_ORDERS!I6="%",RAW_ORDERS!H6*RAW_ORDERS!J6/100,RAW_ORDERS!J6) | D6: =IF(RAW_ORDERS!K6="%",RAW_ORDERS!H6*RAW_ORDERS!L6/100,RAW_ORDERS!L6) | E6: =IF(RAW_ORDERS!M6="%",RAW_ORDERS!H6*RAW_ORDERS!N6/100,RAW_ORDERS!N6) | F6: =D6-C6 | G6: =C6-E6 | H6: =F6+G6
A7: =RAW_ORDERS!A7 | B7: =RAW_ORDERS!H7 | C7: =IF(RAW_ORDERS!I7="%",RAW_ORDERS!H7*RAW_ORDERS!J7/100,RAW_ORDERS!J7) | D7: =IF(RAW_ORDERS!K7="%",RAW_ORDERS!H7*RAW_ORDERS!L7/100,RAW_ORDERS!L7) | E7: =IF(RAW_ORDERS!M7="%",RAW_ORDERS!H7*RAW_ORDERS!N7/100,RAW_ORDERS!N7) | F7: =D7-C7 | G7: =C7-E7 | H7: =F7+G7
A8: =RAW_ORDERS!A8 | B8: =RAW_ORDERS!H8 | C8: =IF(RAW_ORDERS!I8="%",RAW_ORDERS!H8*RAW_ORDERS!J8/100,RAW_ORDERS!J8) | D8: =IF(RAW_ORDERS!K8="%",RAW_ORDERS!H8*RAW_ORDERS!L8/100,RAW_ORDERS!L8) | E8: =IF(RAW_ORDERS!M8="%",RAW_ORDERS!H8*RAW_ORDERS!N8/100,RAW_ORDERS!N8) | F8: =D8-C8 | G8: =C8-E8 | H8: =F8+G8
A9: =RAW_ORDERS!A9 | B9: =RAW_ORDERS!H9 | C9: =IF(RAW_ORDERS!I9="%",RAW_ORDERS!H9*RAW_ORDERS!J9/100,RAW_ORDERS!J9) | D9: =IF(RAW_ORDERS!K9="%",RAW_ORDERS!H9*RAW_ORDERS!L9/100,RAW_ORDERS!L9) | E9: =IF(RAW_ORDERS!M9="%",RAW_ORDERS!H9*RAW_ORDERS!N9/100,RAW_ORDERS!N9) | F9: =D9-C9 | G9: =C9-E9 | H9: =F9+G9
A10: =RAW_ORDERS!A10 | B10: =RAW_ORDERS!H10 | C10: =IF(RAW_ORDERS!I10="%",RAW_ORDERS!H10*RAW_ORDERS!J10/100,RAW_ORDERS!J10) | D10: =IF(RAW_ORDERS!K10="%",RAW_ORDERS!H10*RAW_ORDERS!L10/100,RAW_ORDERS!L10) | E10: =IF(RAW_ORDERS!M10="%",RAW_ORDERS!H10*RAW_ORDERS!N10/100,RAW_ORDERS!N10) | F10: =D10-C10 | G10: =C10-E10 | H10: =F10+G10
A11: =RAW_ORDERS!A11 | B11: =RAW_ORDERS!H11 | C11: =IF(RAW_ORDERS!I11="%",RAW_ORDERS!H11*RAW_ORDERS!J11/100,RAW_ORDERS!J11) | D11: =IF(RAW_ORDERS!K11="%",RAW_ORDERS!H11*RAW_ORDERS!L11/100,RAW_ORDERS!L11) | E11: =IF(RAW_ORDERS!M11="%",RAW_ORDERS!H11*RAW_ORDERS!N11/100,RAW_ORDERS!N11) | F11: =D11-C11 | G11: =C11-E11 | H11: =F11+G11
A12: =RAW_ORDERS!A12 | B12: =RAW_ORDERS!H12 | C12: =IF(RAW_ORDERS!I12="%",RAW_ORDERS!H12*RAW_ORDERS!J12/100,RAW_ORDERS!J12) | D12: =IF(RAW_ORDERS!K12="%",RAW_ORDERS!H12*RAW_ORDERS!L12/100,RAW_ORDERS!L12) | E12: =IF(RAW_ORDERS!M12="%",RAW_ORDERS!H12*RAW_ORDERS!N12/100,RAW_ORDERS!N12) | F12: =D12-C12 | G12: =C12-E12 | H12: =F12+G12
A13: =RAW_ORDERS!A13 | B13: =RAW_ORDERS!H13 | C13: =IF(RAW_ORDERS!I13="%",RAW_ORDERS!H13*RAW_ORDERS!J13/100,RAW_ORDERS!J13) | D13: =IF(RAW_ORDERS!K13="%",RAW_ORDERS!H13*RAW_ORDERS!L13/100,RAW_ORDERS!L13) | E13: =IF(RAW_ORDERS!M13="%",RAW_ORDERS!H13*RAW_ORDERS!N13/100,RAW_ORDERS!N13) | F13: =D13-C13 | G13: =C13-E13 | H13: =F13+G13
... A301: =RAW_ORDERS!A301 | B301: =RAW_ORDERS!H301 | C301: =IF(RAW_ORDERS!I301="%",RAW_ORDERS!H301*RAW_ORDERS!J301/100,RAW_ORDERS!J301) | D301: =IF(RAW_ORDERS!K301="%",RAW_ORDERS!H301*RAW_ORDERS!L301/100,RAW_ORDERS!L301) | E301: =IF(RAW_ORDERS!M301="%",RAW_ORDERS!H301*RAW_ORDERS!N301/100,RAW_ORDERS!N301) | F301: =D301-C301 | G301: =C301-E301 | H301: =F301+G301

Sheet SUMMARY
A1: Total Transactions | B1: =COUNTA(RAW_ORDERS!A2:A301)
A2: Total GMV | B2: =SUM(RAW_ORDERS!H2:H301)
A3: Total ERP Revenue | B3: =SUM(COMPUTATION!F2:F301)
A4: Total Edviron Net Revenue | B4: =SUM(COMPUTATION!G2:G301)
A5: Total Gross Revenue | B5: =SUM(COMPUTATION!H2:H301)
